State,Sheltered Total Homeless - Woman_2018,Sheltered Total Homeless - Man_2018,Sheltered Total Homeless - Transgender_2018,Sheltered Total Homeless - Non Binary_2018,"Sheltered Total Homeless - American Indian, Alaska Native, or Indigenous_2018",Sheltered Total Homeless - Asian or Asian American_2018,"Sheltered Total Homeless - Black, African American, or African_2018",Sheltered Total Homeless - Native Hawaiian or Other Pacific Islander_2018,Sheltered Total Homeless - White_2018,Sheltered Total Homeless - Multi-Racial_2018,Unsheltered Homeless - Woman_2018,Unsheltered Homeless - Man_2018,Unsheltered Homeless - Transgender_2018,Unsheltered Homeless - Non Binary_2018,"Unsheltered Homeless - American Indian, Alaska Native, or Indigenous_2018",Unsheltered Homeless - Asian or Asian American_2018,"Unsheltered Homeless - Black, African American, or African_2018",Unsheltered Homeless - Native Hawaiian or Other Pacific Islander_2018,Unsheltered Homeless - White_2018,Unsheltered Homeless - Multi-Racial_2018,Sheltered Total Homeless - Woman_2019,Sheltered Total Homeless - Man_2019,Sheltered Total Homeless - Transgender_2019,Sheltered Total Homeless - Non Binary_2019,"Sheltered Total Homeless - American Indian, Alaska Native, or Indigenous_2019",Sheltered Total Homeless - Asian or Asian American_2019,"Sheltered Total Homeless - Black, African American, or African_2019",Sheltered Total Homeless - Native Hawaiian or Other Pacific Islander_2019,Sheltered Total Homeless - White_2019,Sheltered Total Homeless - Multi-Racial_2019,Unsheltered Homeless - Woman_2019,Unsheltered Homeless - Man_2019,Unsheltered Homeless - Transgender_2019,Unsheltered Homeless - Non Binary_2019,"Unsheltered Homeless - American Indian, Alaska Native, or Indigenous_2019",Unsheltered Homeless - Asian or Asian American_2019,"Unsheltered Homeless - Black, African American, or African_2019",Unsheltered Homeless - Native Hawaiian or Other Pacific Islander_2019,Unsheltered Homeless - White_2019,Unsheltered Homeless - Multi-Racial_2019,Sheltered Total Homeless - Woman_2020,Sheltered Total Homeless - Man_2020,Sheltered Total Homeless - Transgender_2020,Sheltered Total Homeless - Non Binary_2020,"Sheltered Total Homeless - American Indian, Alaska Native, or Indigenous_2020",Sheltered Total Homeless - Asian or Asian American_2020,"Sheltered Total Homeless - Black, African American, or African_2020",Sheltered Total Homeless - Native Hawaiian or Other Pacific Islander_2020,Sheltered Total Homeless - White_2020,Sheltered Total Homeless - Multi-Racial_2020,Unsheltered Homeless - Woman_2020,Unsheltered Homeless - Man_2020,Unsheltered Homeless - Transgender_2020,Unsheltered Homeless - Non Binary_2020,"Unsheltered Homeless - American Indian, Alaska Native, or Indigenous_2020",Unsheltered Homeless - Asian or Asian American_2020,"Unsheltered Homeless - Black, African American, or African_2020",Unsheltered Homeless - Native Hawaiian or Other Pacific Islander_2020,Unsheltered Homeless - White_2020,Unsheltered Homeless - Multi-Racial_2020,Sheltered Total Homeless - Woman_2021,Sheltered Total Homeless - Man_2021,Sheltered Total Homeless - Transgender_2021,Sheltered Total Homeless - Non Binary_2021,"Sheltered Total Homeless - American Indian, Alaska Native, or Indigenous_2021",Sheltered Total Homeless - Asian or Asian American_2021,"Sheltered Total Homeless - Black, African American, or African_2021",Sheltered Total Homeless - Native Hawaiian or Other Pacific Islander_2021,Sheltered Total Homeless - White_2021,Sheltered Total Homeless - Multi-Racial_2021,Unsheltered Homeless - Woman_2021,Unsheltered Homeless - Man_2021,Unsheltered Homeless - Transgender_2021,Unsheltered Homeless - Non Binary_2021,"Unsheltered Homeless - American Indian, Alaska Native, or Indigenous_2021",Unsheltered Homeless - Asian or Asian American_2021,"Unsheltered Homeless - Black, African American, or African_2021",Unsheltered Homeless - Native Hawaiian or Other Pacific Islander_2021,Unsheltered Homeless - White_2021,Unsheltered Homeless - Multi-Racial_2021,Sheltered Total Homeless - Woman_2022,Sheltered Total Homeless - Man_2022,Sheltered Total Homeless - Transgender_2022,Sheltered Total Homeless - Gender Questioning_2022,Sheltered Total Homeless - Non Binary_2022,"Sheltered Total Homeless - American Indian, Alaska Native, or Indigenous_2022",Sheltered Total Homeless - Asian or Asian American_2022,"Sheltered Total Homeless - Black, African American, or African_2022",Sheltered Total Homeless - Native Hawaiian or Other Pacific Islander_2022,Sheltered Total Homeless - White_2022,Sheltered Total Homeless - Multi-Racial_2022,Unsheltered Homeless - Woman_2022,Unsheltered Homeless - Man_2022,Unsheltered Homeless - Transgender_2022,Unsheltered Homeless - Gender Questioning_2022,Unsheltered Homeless - Non Binary_2022,"Unsheltered Homeless - American Indian, Alaska Native, or Indigenous_2022",Unsheltered Homeless - Asian or Asian American_2022,"Unsheltered Homeless - Black, African American, or African_2022",Unsheltered Homeless - Native Hawaiian or Other Pacific Islander_2022,Unsheltered Homeless - White_2022,Unsheltered Homeless - Multi-Racial_2022,Sheltered Total Homeless - Age 25 to 34_2023,Sheltered Total Homeless - Age 35 to 44_2023,Sheltered Total Homeless - Age 45 to 54_2023,Sheltered Total Homeless - Age 55 to 64_2023,Sheltered Total Homeless - Over 64_2023,Sheltered Total Homeless - Woman_2023,Sheltered Total Homeless - Man_2023,Sheltered Total Homeless - Transgender_2023,Sheltered Total Homeless - Gender Questioning_2023,Sheltered Total Homeless - Non Binary_2023,"Sheltered Total Homeless - American Indian, Alaska Native, or Indigenous_2023",Sheltered Total Homeless - Asian or Asian American_2023,"Sheltered Total Homeless - Black, African American, or African_2023",Sheltered Total Homeless - Native Hawaiian or Other Pacific Islander_2023,Sheltered Total Homeless - White_2023,Sheltered Total Homeless - Multi-Racial_2023,Unsheltered Homeless - Age 25 to 34_2023,Unsheltered Homeless - Age 35 to 44_2023,Unsheltered Homeless - Age 45 to 54_2023,Unsheltered Homeless - Age 55 to 64_2023,Unsheltered Homeless - Over 64_2023,Unsheltered Homeless - Woman_2023,Unsheltered Homeless - Man_2023,Unsheltered Homeless - Transgender_2023,Unsheltered Homeless - Gender Questioning_2023,Unsheltered Homeless - Non Binary_2023,"Unsheltered Homeless - American Indian, Alaska Native, or Indigenous_2023",Unsheltered Homeless - Asian or Asian American_2023,"Unsheltered Homeless - Black, African American, or African_2023",Unsheltered Homeless - Native Hawaiian or Other Pacific Islander_2023,Unsheltered Homeless - White_2023,Unsheltered Homeless - Multi-Racial_2023
AK,780,920,7,0,725,39,152,65,563,163,100,209,0,0,153,0,4,11,120,21,683,943,6,2,656,32,152,72,546,176,78,194,0,1,108,4,12,1,121,27,768,950,3,4,779,22,133,39,538,214,60,164,0,0,111,0,4,1,96,12,622,1171,4,0,751,27,134,58,574,253,50,101,1,0,105,0,7,3,25,12,757,1195,8,0,3,724,42,118,182,622,275,135,222,0,0,0,127,0,3,4,196,27,395,399,372,294,111,852,1273,16,0,5,880,33,160,92,638,343,106,210,87,52,0,139,327,0,2,0,271,5,21,7,158,6
AL,1044,1376,4,0,14,5,1089,2,1205,109,355,649,5,1,9,1,515,3,459,23,999,1068,3,0,34,4,1138,6,845,43,384,805,0,2,21,3,603,3,535,26,913,1081,2,0,15,2,1121,6,850,47,381,907,7,4,22,0,634,5,612,26,666,954,5,1,11,5,812,1,746,51,123,327,1,0,1,1,255,0,188,6,979,1180,9,3,1,22,17,1304,4,735,90,654,919,4,0,3,10,3,847,3,676,41,259,295,277,286,127,802,1019,17,6,4,14,9,1041,7,700,77,255,389,331,269,78,456,991,6,0,3,23,3,746,4,649,31
AR,678,773,3,1,25,2,453,2,910,63,435,820,2,0,11,10,463,2,737,34,615,683,3,1,26,3,431,8,789,45,407,1005,1,2,10,1,471,16,862,55,436,653,3,1,22,2,438,10,599,22,362,908,2,1,20,2,463,11,754,23,571,898,0,1,31,9,473,5,921,31,247,421,0,1,18,0,79,0,569,3,404,753,3,0,3,22,4,330,4,749,54,457,836,1,0,2,30,12,315,1,932,6,244,233,253,181,57,564,711,7,0,5,31,3,396,11,800,46,239,317,304,218,82,442,869,6,4,1,19,4,337,19,896,47
AS,NA,NA,NA,NA,NA,NA,NA,NA,NA,NA,NA,NA,NA,NA,NA,NA,NA,NA,NA,NA,NA,NA,NA,NA,NA,NA,NA,NA,NA,NA,NA,NA,NA,NA,NA,NA,NA,NA,NA,NA,NA,NA,NA,NA,NA,NA,NA,NA,NA,NA,NA,NA,NA,NA,NA,NA,NA,NA,NA,NA,NA,NA,NA,NA,NA,NA,NA,NA,NA,NA,NA,NA,NA,NA,NA,NA,NA,NA,NA,NA,NA,NA,NA,NA,NA,NA,NA,NA,NA,NA,NA,NA,NA,NA,NA,NA,NA,NA,NA,NA,NA,NA,NA,NA,NA,NA,NA,NA,NA,NA,NA,NA,NA,NA,NA,NA,NA,NA,NA,NA,NA,NA,NA,NA,NA,NA,NA,NA,NA,NA,NA,NA,NA,NA
AZ,2444,3334,20,1,485,36,1436,30,3418,394,1016,3020,14,16,351,17,470,27,3076,125,2495,2966,10,4,490,32,1293,31,3012,617,1188,3331,6,7,429,16,615,28,3304,140,2428,3009,19,2,449,46,1523,28,3016,396,1800,3685,24,12,578,31,766,32,3885,229,2359,3074,21,6,429,45,1391,19,3140,436,0,0,0,0,0,0,0,0,0,0,2374,3109,25,2,16,355,55,1450,39,3230,397,2510,5485,12,1,19,584,32,1290,68,5581,472,960,1109,979,1081,638,2775,3799,30,4,14,372,54,1744,34,4017,401,1816,1963,1532,1153,425,2118,5387,22,65,23,603,47,1353,72,4994,546
CA,17599,22579,215,36,1178,776,13301,645,22659,1870,24892,63231,1037,383,4213,1562,24469,907,50297,8095,18737,23807,236,66,1285,757,14339,567,23276,2622,31730,74597,1528,577,5512,1849,29747,1610,58888,10826,20943,26502,330,113,1417,948,16492,520,26133,2378,32562,79235,1271,592,4969,2292,33118,1264,61306,10711,22443,28536,329,121,1519,1103,16351,700,29067,2689,2787,2783,9,5,210,54,771,53,4014,482,25241,30265,339,16,169,1770,1180,18312,690,31107,2971,32896,79824,1359,347,1065,5440,2823,33798,1802,62836,8792,9472,9805,8694,9151,4501,25100,32162,422,37,255,2119,1232,18212,752,32452,3209,22509,30753,26943,23686,8546,35359,85330,1497,222,1015,6470,5780,35157,2661,63933,9422
CO,2296,4203,17,12,288,60,1233,65,4277,605,1584,2723,11,11,199,17,333,29,3537,214,2665,4704,37,25,426,55,1499,81,4626,744,573,1585,17,13,160,10,179,19,1625,195,2426,4455,36,16,318,42,1513,100,4364,596,772,2107,17,17,209,9,295,36,2047,317,3069,4914,17,16,367,42,1717,147,5198,545,169,352,4,3,17,0,19,3,391,98,2849,4303,51,1,37,339,46,1436,184,4667,569,1035,2071,16,4,30,261,9,305,29,2170,382,1561,1745,1665,1534,576,3869,5697,71,2,55,449,102,2054,361,6034,694,919,1298,1139,730,210,1455,3238,21,1,30,380,33,377,41,3621,293
CT,1532,1858,5,0,86,12,1280,6,1806,205,127,452,2,0,6,5,202,10,350,8,1052,1522,3,0,22,15,1001,9,1313,217,81,373,1,1,2,0,149,44,248,13,1033,1537,6,4,32,15,969,10,1312,242,74,248,0,3,2,1,96,0,207,19,860,1296,7,2,30,14,827,11,1034,249,127,300,1,0,3,3,167,3,233,19,1091,1539,5,0,1,28,18,1025,17,1406,142,86,208,0,0,0,4,0,110,1,158,21,381,405,374,408,150,1042,1464,6,0,2,32,13,942,6,1359,162,88,123,115,125,27,148,347,3,0,3,6,1,175,1,294,24
DC,2821,3453,28,2,36,32,5847,15,350,24,139,450,5,6,4,7,439,0,128,22,2539,3333,36,5,33,23,5364,18,304,171,110,490,4,4,9,9,465,1,109,15,2441,3237,43,6,21,32,5120,16,380,158,136,509,5,3,5,6,498,4,126,14,1712,2665,40,13,13,31,3967,18,285,116,124,550,3,4,9,7,520,0,116,29,1491,2181,32,0,16,16,19,3284,12,288,101,145,541,4,0,0,23,16,480,3,115,53,692,582,524,751,358,1524,2512,37,5,19,51,34,3532,40,423,17,143,203,216,172,45,174,647,2,0,2,22,6,559,12,164,62
DE,452,536,0,1,8,6,595,2,340,38,38,55,0,0,4,0,21,0,66,2,347,477,1,1,4,2,447,10,311,52,26,69,0,0,0,0,31,0,61,3,414,600,0,1,6,3,609,1,341,55,49,101,0,0,1,0,69,0,71,9,760,817,2,0,2,6,967,4,551,49,0,0,0,0,0,0,0,0,0,0,1084,1125,2,0,4,5,12,1375,2,692,129,45,109,0,0,0,1,2,79,0,69,3,150,140,143,180,49,483,561,1,2,0,3,4,694,1,275,70,45,49,50,31,7,68,126,2,1,1,0,0,79,1,110,8
FL,7360,10240,37,0,65,72,7966,46,8812,676,3732,9559,37,65,183,44,3843,67,8931,325,6472,9339,34,7,58,75,7528,50,7655,486,3412,9018,33,13,175,33,4047,42,7925,254,6225,8570,16,4,83,74,7091,29,7093,445,3518,9100,36,18,245,54,3951,44,8009,369,5562,7775,26,30,76,57,6350,38,6410,462,1283,3663,4,9,893,28,1316,42,4306,141,5943,8234,20,7,9,72,63,6815,80,6638,545,3282,8422,23,7,12,177,43,3659,73,7514,280,2370,2297,2047,2402,1276,6664,8542,37,10,21,119,136,7331,42,6999,647,2531,3084,3445,3406,1583,4972,10411,31,15,53,211,50,5164,75,9580,402
GA,2810,3076,12,2,35,18,4302,17,1371,157,932,2643,21,3,38,4,1979,8,1433,137,2721,3801,37,4,26,44,4635,6,1629,223,1044,2809,20,7,44,18,2169,11,1546,92,2630,3338,18,92,24,74,4315,11,1428,226,1113,3002,26,15,40,18,2393,10,1603,92,2257,2860,23,92,13,41,3714,12,1304,148,2,24,0,1,0,0,8,1,12,6,2440,2696,11,1,6,19,20,3546,12,1405,152,1753,3748,5,7,22,26,24,2505,10,2857,113,1054,1032,774,852,304,3039,3400,4,15,8,39,20,4475,12,1661,259,889,1497,1390,1189,322,1888,3891,6,19,24,19,23,2690,8,2942,146
GU,65,62,0,0,0,5,6,112,2,2,334,393,0,0,1,15,2,676,9,24,55,56,0,0,2,8,1,86,9,5,372,392,0,0,1,23,4,705,4,27,60,48,0,0,0,6,1,93,7,1,297,383,2,0,1,8,2,634,14,23,103,96,0,0,0,2,2,184,0,11,0,0,0,0,0,0,0,0,0,0,100,106,1,0,0,0,6,0,188,5,8,405,475,0,0,0,0,21,1,826,9,23,16,24,21,20,9,86,88,0,0,0,0,3,2,162,5,2,143,146,133,93,65,393,507,0,1,0,1,30,3,843,4,20
HI,1380,1668,7,0,21,210,115,1263,582,864,1293,2159,16,7,59,369,99,987,945,1016,1267,1491,14,0,13,190,123,1127,547,772,1324,2287,23,6,29,372,114,886,898,1341,1274,1522,11,1,26,193,139,1041,553,856,1247,2352,25,26,57,371,156,1119,916,1031,1148,1328,11,3,12,160,87,994,437,800,0,0,0,0,0,0,0,0,0,0,1060,1147,15,0,2,18,166,86,933,388,633,1231,2479,26,1,6,43,379,141,1306,938,936,364,326,295,315,168,1066,1231,9,2,8,17,197,113,951,388,650,468,804,854,936,341,1353,2509,27,0,18,33,406,133,1385,907,1043
IA,1060,1442,6,0,82,13,694,8,1553,158,76,164,0,1,8,1,19,2,200,11,861,1263,2,1,86,18,539,5,1385,94,56,132,0,0,5,2,27,3,146,5,908,1398,7,1,106,19,571,9,1475,134,85,244,2,2,15,0,25,0,285,8,840,1163,2,1,70,34,485,10,1300,107,168,358,1,1,19,7,36,3,453,10,791,1208,7,2,5,75,41,501,7,1278,111,140,264,0,1,1,10,5,31,3,316,41,419,440,368,263,59,869,1308,12,0,8,75,23,620,13,1308,158,88,139,107,72,2,162,290,3,0,1,11,5,44,5,379,12
ID,530,757,2,0,21,5,47,14,1125,77,283,440,0,0,82,2,10,8,550,71,542,788,0,0,35,11,58,21,1128,77,378,604,0,3,130,1,15,12,775,52,565,706,1,0,57,10,43,8,1079,75,470,570,2,1,173,3,9,9,825,24,484,530,3,0,44,4,37,4,890,38,0,0,0,0,0,0,0,0,0,0,482,624,3,0,1,24,6,46,8,975,51,385,499,3,0,1,99,4,1,12,741,31,141,386,146,162,78,540,696,3,0,1,45,6,43,18,1024,104,159,230,159,179,64,451,602,2,0,3,115,2,7,3,878,53
IL,3998,4664,26,13,52,67,5051,30,3173,328,378,1562,1,1,26,13,1183,2,681,37,3809,4464,28,9,55,80,5077,18,2893,187,432,1450,3,4,12,10,1141,3,686,37,3719,4400,31,3,60,82,4900,20,2880,211,581,1696,1,0,22,14,1433,1,791,17,3210,3692,25,6,52,67,4171,22,2394,227,163,678,0,0,12,11,486,2,294,36,3251,4007,32,5,16,65,59,4126,20,2731,310,369,1526,5,0,1,0,10,1263,2,613,13,2172,2007,859,1134,453,4195,6041,57,4,31,132,179,4714,55,4838,410,327,413,444,306,59,389,1225,1,2,2,11,18,869,7,697,17
IN,1965,2699,13,2,26,28,1731,10,2773,111,173,404,2,0,8,2,108,6,439,16,2014,2800,12,3,31,22,1797,15,2818,146,191,446,3,2,13,3,135,3,471,17,1869,2774,10,6,33,36,1602,18,2762,208,313,646,6,1,17,1,181,3,730,34,1605,2432,7,6,33,37,1485,14,2358,123,260,661,3,1,7,6,134,5,752,21,1951,2674,13,0,12,46,33,1705,25,2665,176,256,540,1,1,1,14,4,157,4,600,20,746,827,793,806,238,2147,2672,10,7,20,29,24,1750,29,2811,213,229,307,280,203,44,363,788,5,1,4,10,3,212,7,873,56
KS,751,1099,2,7,72,12,465,16,1145,149,105,251,0,1,16,1,57,1,255,27,795,1110,0,1,101,15,463,19,1168,140,137,335,1,2,15,3,63,5,350,39,785,1180,2,0,81,14,475,2,1144,251,143,336,1,2,15,1,78,0,368,20,640,953,6,1,60,12,350,8,1046,124,54,148,0,1,8,1,47,3,135,9,727,953,10,0,9,58,7,399,6,1070,159,216,474,2,3,3,17,3,101,5,512,60,317,390,291,306,67,758,1109,8,0,6,61,11,428,7,1220,154,150,220,175,108,24,254,498,0,3,0,17,1,112,7,575,43
KY,1131,1681,7,1,12,11,745,4,1887,161,271,593,2,2,8,1,90,0,729,40,1316,1982,2,0,18,10,873,3,2195,201,268,510,1,0,5,1,86,2,672,13,1268,1809,5,1,20,16,880,19,2036,112,339,584,3,2,2,3,116,1,790,16,939,1342,3,3,12,11,677,6,1492,89,69,188,0,0,4,4,64,2,167,16,1199,1686,9,1,5,23,9,767,13,1962,126,356,723,4,1,0,5,1,132,5,925,16,471,644,625,591,206,1318,1954,13,1,10,26,14,939,10,2150,157,334,424,360,177,37,481,974,5,0,10,10,2,192,1,1236,29
LA,685,1302,7,0,13,9,1164,2,764,42,216,840,5,4,11,4,562,6,469,13,679,1278,8,2,15,2,1200,4,713,33,188,780,1,5,19,5,506,3,424,17,708,1304,6,2,11,9,1249,3,717,31,259,888,5,1,18,12,659,2,448,14,607,998,8,0,21,7,957,6,571,51,5,31,0,0,0,0,18,1,16,1,2890,3236,7,1,4,18,13,4458,12,1594,43,308,908,6,4,9,17,3,596,1,606,12,219,275,287,350,162,683,1073,7,2,5,9,9,1168,10,537,37,290,391,298,240,82,369,1010,10,1,9,19,6,717,3,642,12
MA,9714,9323,35,11,74,146,6121,60,11092,1590,287,691,5,2,10,12,144,4,721,94,8881,8727,25,9,119,157,6317,91,9061,1897,237,584,3,5,6,7,119,0,618,79,8515,8131,28,7,81,178,6359,83,8913,1067,376,908,5,5,5,20,179,4,990,96,7193,6714,29,8,57,150,5003,84,7671,979,342,773,2,2,5,10,137,3,584,50,7449,6854,29,6,34,72,136,5660,99,7715,690,313,815,4,0,3,12,8,195,12,873,35,3353,2712,1403,1128,536,9196,8484,71,3,25,113,160,8466,129,8133,778,261,374,332,216,78,441,908,4,0,9,13,21,193,5,1090,40
MD,2112,3260,8,0,32,41,3303,22,1819,163,531,1216,15,2,19,0,863,2,783,97,2049,3152,12,0,31,41,3108,22,1762,249,441,895,10,2,14,5,670,4,623,32,2217,2878,23,6,37,53,3224,19,1606,185,351,875,8,2,23,3,531,7,605,67,1625,2408,14,1,28,36,2603,24,1205,152,122,351,0,0,4,4,173,3,255,32,1895,2544,12,1,6,48,39,2878,14,1355,124,251,630,6,3,1,20,8,346,3,490,24,737,763,721,843,382,2037,2844,18,3,11,78,52,3136,26,1452,169,181,210,186,202,76,318,630,3,0,1,18,12,385,3,493,41
ME,1131,1274,9,4,34,8,289,0,1958,129,43,55,0,0,1,0,4,0,83,10,970,1027,12,2,42,9,369,5,1506,80,25,67,1,2,1,0,6,1,75,12,903,1040,8,5,43,3,305,7,1515,83,37,103,0,1,5,0,5,0,116,15,952,1099,8,4,31,10,268,3,1657,94,0,0,0,0,0,0,0,0,0,0,1838,2343,15,21,30,52,18,1248,8,2755,166,45,118,0,1,0,0,0,10,0,151,3,564,776,540,376,171,2026,1884,37,0,12,24,16,1998,3,1796,122,70,88,74,41,8,103,193,1,1,1,10,1,15,2,248,23
MI,3230,4212,9,1,83,27,3642,11,3282,407,268,629,1,1,19,0,338,3,493,46,3321,4577,13,2,84,39,4018,11,3382,379,211,449,0,2,11,2,268,2,358,21,3400,4187,8,4,84,49,3608,20,3381,457,370,668,0,1,16,4,329,9,642,39,2899,3625,15,7,68,46,3281,9,2817,325,48,114,0,0,1,0,45,2,112,2,3321,3943,20,3,19,104,26,3500,12,3266,398,271,648,2,0,1,17,1,289,4,574,37,1153,1283,980,1044,413,3433,4175,28,6,20,74,47,3643,13,3403,482,255,326,295,191,56,414,907,4,0,10,27,4,338,7,875,84
MN,2918,3187,14,3,572,95,2798,33,2117,507,360,754,1,6,127,19,343,16,581,35,2986,3314,21,3,674,82,2891,42,2089,546,568,1071,8,6,266,27,562,15,696,87,2766,3195,18,12,513,112,2752,25,2034,555,642,1290,7,10,282,33,550,25,982,77,2972,3449,26,14,521,152,2815,23,2385,565,94,219,0,1,29,24,99,7,136,19,2836,3260,32,2,18,633,130,2483,16,2231,655,617,1149,2,0,1,464,40,442,17,748,58,1114,1084,661,577,249,3339,3313,29,3,33,682,145,2731,32,2181,946,465,380,289,194,39,578,1086,6,0,6,279,48,421,13,818,97
MO,2235,2421,11,2,46,12,2046,9,2291,265,349,862,3,0,39,2,285,5,845,38,2401,2777,16,9,51,28,2366,23,2464,271,295,674,4,3,23,1,202,2,700,48,2393,2463,14,9,61,29,2073,19,2389,308,559,1077,9,3,26,6,416,3,1133,64,1988,2069,15,7,46,21,1598,13,2157,244,174,475,1,1,10,6,119,7,482,27,2025,2322,26,3,15,53,14,1729,16,2313,266,486,1092,8,4,11,24,10,397,5,1103,62,1014,716,566,534,192,2135,2506,24,3,27,56,30,1983,58,2339,229,422,594,451,324,64,640,1356,7,5,5,34,10,416,9,1472,72
MP,3,19,0,0,0,22,0,0,0,0,507,515,0,0,0,365,9,637,3,8,3,17,0,0,0,17,0,3,0,0,834,953,0,0,0,477,1,1278,1,30,2,0,0,0,0,1,0,0,0,1,574,631,0,0,0,437,0,758,7,3,2,0,0,0,0,1,0,0,0,1,0,0,0,0,0,0,0,0,0,0,2,0,0,0,0,0,1,0,0,0,1,574,631,0,0,0,0,437,0,758,7,3,NA,NA,NA,NA,NA,NA,NA,NA,NA,NA,NA,NA,NA,NA,NA,NA,NA,NA,NA,NA,NA,NA,NA,NA,NA,NA,NA,NA,NA,NA,NA,NA
MS,329,392,9,1,1,7,367,0,330,26,173,437,11,0,8,5,296,5,280,27,304,379,0,15,1,0,381,0,299,17,113,373,0,0,5,6,193,1,262,19,263,317,1,0,3,2,335,0,234,7,132,392,2,0,8,1,219,5,278,15,171,186,1,1,3,2,168,0,178,8,83,184,0,0,1,0,98,0,160,8,221,207,5,2,0,4,0,221,0,204,6,224,529,1,7,0,4,3,429,10,309,6,75,132,82,66,30,268,266,4,0,0,1,3,317,2,200,15,64,117,108,81,48,107,333,2,1,1,7,4,188,3,229,13
MT,449,578,3,2,180,1,35,7,685,124,110,259,1,3,58,1,3,1,271,39,435,571,4,2,175,4,29,7,667,130,120,222,0,3,59,4,7,5,238,32,478,595,6,6,199,4,48,3,780,51,152,301,4,3,101,0,3,7,307,42,487,678,1,2,187,2,62,8,843,66,NA,NA,NA,NA,NA,NA,NA,NA,NA,NA,545,739,4,1,3,221,4,28,14,939,86,115,175,3,0,0,33,1,11,4,231,13,242,390,263,239,101,711,953,5,4,9,356,9,51,12,1142,112,77,120,103,86,44,187,306,2,0,1,105,1,12,6,338,34
NC,2764,4039,11,4,72,31,3925,19,2557,214,752,1689,8,1,50,10,876,12,1414,88,2837,4200,7,2,55,27,4043,13,2629,279,739,1516,5,8,39,4,789,6,1363,67,2821,3885,14,2,60,26,3784,11,2584,257,793,1761,4,0,33,4,973,9,1476,63,2369,3232,9,2,60,31,3406,10,1914,191,567,957,6,0,15,5,848,7,613,42,2516,3212,14,4,11,79,59,3165,24,2174,256,1433,2144,20,22,6,67,31,1805,9,1511,202,1078,883,935,1113,463,2771,3502,20,4,14,81,42,3688,11,2246,243,962,768,659,497,150,1159,2260,12,5,7,74,18,1357,25,1848,121
ND,203,290,1,0,66,2,70,12,316,28,15,33,0,0,8,0,6,0,28,6,172,372,1,0,101,1,87,7,313,36,6,6,0,0,0,0,3,0,9,0,220,286,1,0,115,1,92,1,270,28,6,28,0,0,16,0,3,0,15,0,212,260,1,1,113,4,84,2,227,44,25,49,0,0,21,0,4,0,45,4,204,319,1,1,2,183,2,89,1,223,29,29,52,0,1,1,42,2,0,1,33,5,131,114,69,63,27,228,368,6,0,6,165,9,96,0,295,43,46,55,33,25,0,49,127,0,0,0,111,0,6,0,57,2
NE,882,1394,1,0,73,19,579,6,1484,116,54,90,0,0,12,1,20,0,101,10,831,1419,4,1,65,13,531,4,1503,139,35,75,0,0,8,0,15,0,77,10,837,1418,6,0,62,22,526,14,1485,152,60,83,0,0,9,0,17,1,103,13,665,1104,5,2,58,24,410,11,1156,117,53,106,0,0,17,2,20,1,115,4,755,1257,12,0,6,96,35,473,9,1310,107,75,141,0,0,0,13,1,26,0,169,7,336,387,373,354,108,824,1313,9,0,4,102,36,493,9,1367,143,65,95,86,32,14,107,202,1,0,2,32,1,35,2,218,24
NH,574,720,1,1,4,18,86,2,1088,98,50,103,0,1,1,0,5,0,144,4,577,659,3,8,5,9,92,5,1038,98,49,99,0,1,0,0,8,1,134,6,607,717,3,0,2,16,92,6,1141,70,128,218,2,0,4,0,6,1,333,4,535,635,1,0,2,15,80,3,999,72,110,208,2,0,1,1,10,1,304,3,567,696,9,1,1,3,7,81,6,1125,52,118,209,3,0,1,0,1,10,1,309,10,348,441,301,299,131,1013,1073,7,0,10,22,13,117,10,1859,82,94,98,63,40,8,99,237,1,1,0,7,1,7,0,316,7
NJ,3499,4251,22,3,67,75,4177,53,3184,219,405,1215,2,1,4,11,844,6,752,6,3186,4179,13,2,73,53,4110,48,2888,208,393,1085,4,0,4,12,803,3,657,3,3555,4317,6,3,83,42,4499,43,2890,324,475,1297,8,1,5,16,919,5,791,45,3142,4287,14,0,70,56,4303,40,2737,237,200,618,1,0,2,10,366,2,407,32,3409,4350,15,0,2,80,57,4391,47,3010,191,241,735,0,0,0,3,7,496,5,447,18,1382,1444,1179,1236,437,4132,4682,21,0,21,139,65,5110,34,3280,228,276,387,310,278,98,418,986,3,0,1,10,17,704,7,636,34
NM,683,1069,3,0,452,10,161,10,1009,113,212,549,16,19,238,4,39,3,486,26,902,1076,2,2,456,10,131,3,1094,288,376,854,17,12,386,7,61,24,748,33,821,1249,2,2,445,7,166,14,1263,179,376,854,17,12,386,7,61,24,748,33,845,1108,11,8,480,11,155,15,1194,117,227,538,10,0,190,1,44,11,507,22,792,1181,9,1,23,273,10,182,37,1345,159,153,394,2,0,5,151,2,38,7,332,24,329,373,286,319,157,1075,1141,15,0,11,337,11,243,38,1494,119,385,460,334,180,58,503,1069,12,7,9,382,13,157,43,962,43
NV,924,2360,18,3,69,53,1049,25,2025,84,1333,2886,18,2,113,107,1235,83,2473,228,974,2373,15,0,54,72,1113,31,1974,118,1121,2669,16,1,131,72,1097,28,2323,156,852,1831,8,0,58,67,875,32,1566,93,1198,3008,3,0,89,61,1009,89,2828,133,1052,2217,17,7,67,83,1123,47,1872,101,827,1963,4,0,107,58,674,29,1552,374,1378,2648,19,0,6,112,88,1308,71,2345,127,914,2610,4,0,39,96,40,990,96,2122,223,578,647,693,876,447,1341,2741,4,13,12,128,85,1326,83,2359,130,706,1098,1008,805,661,1469,3033,3,26,24,109,87,1464,74,2625,196
NY,42647,44623,324,9,438,948,62655,873,19672,3017,1047,3227,17,3,23,92,1967,12,2139,61,42049,45597,382,16,347,1045,62479,937,19017,4219,931,3088,19,9,23,88,1971,12,1914,39,41026,45241,414,33,453,857,60296,1244,19308,4556,855,3664,28,10,47,80,1902,4,2469,55,34113,41462,438,38,441,820,52774,1362,16883,3771,500,2267,23,5,20,66,1432,8,1008,261,31204,38456,429,5,46,531,709,49063,999,15318,3520,793,3206,27,0,12,36,85,1973,18,1469,457,21623,15608,9761,8378,3352,43393,54178,500,22,100,906,754,63042,278,27587,5626,841,1032,996,1108,797,1138,3804,45,0,20,40,119,2749,16,1965,118
OH,3692,5217,17,8,54,35,4288,18,4148,391,437,873,5,0,15,2,313,2,944,39,3638,5177,21,2,30,25,4192,15,4164,412,493,1008,5,1,12,1,414,1,1016,63,3664,5108,37,2,49,53,4223,19,4035,432,546,1292,6,0,29,1,439,3,1315,57,3300,4434,26,2,33,43,3728,26,3569,363,38,115,0,0,2,1,48,0,94,8,3763,4900,31,1,11,50,39,4181,17,3977,442,671,1251,25,0,1,23,7,427,2,1429,60,1454,1661,1265,1330,514,3753,5161,45,3,21,61,34,4266,33,4134,455,561,645,469,349,136,855,1531,4,1,12,30,6,499,5,1783,80
OK,1035,1642,1,2,299,11,516,9,1710,135,364,825,1,1,151,5,219,9,704,103,1012,1686,7,2,280,10,554,11,1685,167,339,892,0,6,202,5,198,8,743,81,1027,1635,21,5,229,8,607,8,1690,146,375,865,3,1,182,5,208,1,761,87,982,1336,7,6,225,16,490,9,1415,176,96,263,0,4,70,1,40,2,231,19,1082,1330,14,2,9,243,22,589,31,1340,212,414,890,4,0,9,276,8,217,6,732,78,438,503,449,376,115,1159,1533,15,2,34,299,16,723,20,1501,184,421,529,369,303,67,589,1265,3,1,47,322,8,268,25,1141,141
OR,2266,3219,44,22,232,52,506,101,4279,381,3393,5471,35,26,456,26,287,87,7520,549,2389,3285,35,25,259,46,461,78,4508,382,3798,6266,42,36,518,36,435,117,8331,705,2223,3491,36,28,221,55,469,80,4572,381,3220,5581,36,40,490,57,370,87,7344,529,1930,3179,32,37,267,34,415,103,3978,381,1395,2450,11,14,172,15,127,29,3290,237,2515,4192,64,15,85,223,37,470,90,5270,781,4156,6739,67,40,86,657,64,702,137,8690,838,1053,1388,1303,1321,628,2680,4286,58,17,97,304,57,649,190,5397,541,2380,3199,2506,1860,632,5040,7715,50,59,140,692,96,910,185,10166,955
PA,5161,6574,29,4,49,45,6315,46,4831,482,433,1296,7,8,24,42,701,2,950,25,4983,6547,24,15,42,40,6155,47,4846,439,390,1229,8,3,11,15,696,3,865,40,4872,6592,46,8,47,52,6022,47,4875,475,516,1318,14,9,15,13,771,9,979,70,4099,5227,30,8,41,40,4760,38,4028,457,257,655,5,7,7,0,449,5,407,33,4900,6130,39,2,14,74,52,5237,86,5063,573,473,1130,3,0,0,17,13,690,7,801,78,1687,1817,1564,1659,595,4497,6222,39,6,28,74,59,5344,43,4672,600,420,494,336,272,86,506,1211,10,9,28,19,6,436,2,1225,76
PR,166,503,1,0,7,1,98,0,320,244,513,1991,5,3,3,1,503,9,1134,862,179,450,5,1,14,3,99,0,256,263,354,1540,6,0,5,1,363,4,824,703,163,384,4,0,11,2,102,2,215,219,354,1540,6,0,5,1,363,4,824,703,151,284,4,0,5,2,80,0,200,152,0,0,0,0,0,0,0,0,0,0,191,293,1,0,2,5,0,84,0,202,196,285,1355,4,7,77,2,0,382,0,790,554,70,96,99,75,52,156,314,2,0,0,13,0,92,0,263,104,230,464,385,369,220,344,1340,2,7,77,3,0,396,1,833,537
RI,409,638,3,0,18,14,278,1,626,113,11,39,1,0,1,0,11,0,36,3,336,641,7,0,15,7,294,4,606,58,22,49,0,0,2,1,15,0,49,4,400,591,4,1,22,3,298,6,583,84,31,76,1,0,2,3,24,0,73,6,465,616,5,0,17,4,279,9,656,121,57,123,1,0,5,1,41,0,121,13,544,775,5,0,5,32,8,321,5,861,102,78,165,4,0,1,5,0,63,0,169,11,224,270,213,234,99,604,855,9,0,8,29,11,365,3,907,161,70,110,72,42,19,114,214,3,1,2,4,1,71,1,233,24
SC,939,1647,3,0,13,10,1427,4,1052,83,493,847,1,3,20,1,589,3,684,47,878,1576,0,1,15,8,1376,3,954,99,642,1071,2,2,21,6,784,7,839,60,905,1676,2,0,20,12,1379,3,1078,91,674,1023,3,4,35,0,781,3,809,76,724,1317,1,0,10,8,1134,2,810,78,458,457,5,2,12,0,443,3,426,38,911,1453,7,0,3,19,14,1314,9,920,98,441,782,7,0,4,13,2,517,3,650,49,418,440,455,598,240,937,1780,7,0,2,20,7,1336,4,1253,106,226,315,276,264,81,545,773,4,0,5,18,5,527,4,727,46
SD,339,535,0,0,479,2,63,0,273,57,85,200,0,0,179,0,16,0,54,36,330,430,1,0,429,2,66,0,247,17,59,175,0,0,180,1,9,0,38,6,364,445,3,0,496,2,59,0,235,20,84,162,0,0,203,0,6,0,30,7,356,458,1,2,479,7,56,5,256,14,0,0,0,0,0,0,0,0,0,0,428,613,4,0,2,645,5,59,0,314,24,135,205,0,0,2,307,0,4,0,27,4,187,186,184,135,40,413,554,1,2,2,515,5,61,9,341,41,64,66,46,50,10,117,185,4,0,4,264,2,2,0,31,11
TN,1810,3205,8,5,35,13,2264,9,2571,136,1012,1836,5,2,23,6,743,3,2030,50,1895,2965,7,2,35,20,2252,15,2433,114,928,1667,3,0,21,2,634,1,1835,105,1647,2813,9,3,36,19,2050,22,2223,122,955,1824,5,0,30,10,799,8,1868,69,1259,2175,9,0,21,15,1399,5,1903,100,1039,1851,2,20,7,4,618,6,2244,33,1752,2655,11,0,16,17,15,1836,24,2392,150,2669,3452,6,2,4,33,11,1306,6,4713,64,803,744,740,916,389,1857,2801,16,1,19,44,14,2146,5,2370,115,849,1136,1061,638,273,1554,2911,29,9,18,41,16,955,5,3348,156
TX,6955,7777,32,12,152,123,6215,41,7773,472,2513,7984,16,21,163,58,3449,19,6590,255,6758,7831,34,3,112,148,6266,42,7620,438,2646,8530,32,14,133,54,3356,35,7364,280,6470,7512,28,7,128,136,6019,41,7180,513,3610,9555,33,14,218,70,3982,48,8598,296,4795,6438,30,12,102,116,4743,48,5999,267,1852,4124,24,4,71,40,2423,18,3239,213,5804,7577,47,8,25,151,138,5222,38,7419,493,3272,7628,32,8,31,225,96,3237,31,6892,490,2503,2520,2148,2404,933,7070,8556,32,8,25,165,165,6330,36,8584,411,2984,2801,2441,2081,710,3231,8350,22,15,68,251,81,3338,60,7693,263
UT,1045,1396,12,3,121,24,263,70,1855,123,100,315,4,1,22,4,14,2,354,24,1012,1365,12,1,105,39,255,74,1817,100,96,308,0,4,26,2,21,3,342,14,1073,1339,14,1,116,34,278,50,1798,151,177,524,0,3,46,2,54,8,569,25,1035,1357,10,8,102,26,252,44,1889,97,NA,NA,NA,NA,NA,NA,NA,NA,NA,NA,1199,1463,7,0,15,153,23,239,82,2018,169,221,644,2,1,5,89,10,51,7,685,31,385,515,436,457,184,1136,1515,12,3,41,163,35,275,68,1997,169,149,314,211,157,56,249,720,3,0,8,55,4,54,27,808,32
VA,2105,2949,3,3,32,73,2775,16,1894,270,234,677,3,1,15,6,338,1,505,50,2120,2795,6,3,28,88,2748,10,1769,281,198,657,3,1,13,9,352,1,439,45,2115,2863,8,3,54,92,2799,13,1717,314,280,684,4,0,8,6,370,3,516,65,2241,3073,15,6,31,102,2792,18,2078,314,112,237,2,0,3,6,113,0,204,25,2418,3381,22,4,19,37,97,3023,7,2380,300,203,472,4,1,5,10,10,246,3,381,35,819,863,739,785,381,2416,2975,21,2,13,46,120,2942,17,1957,345,213,320,272,286,103,378,939,5,1,11,14,13,492,1,724,90
VI,91,88,0,0,1,0,167,1,9,1,56,241,0,10,4,1,250,0,46,6,10,72,0,0,0,0,68,0,13,1,63,164,0,5,6,0,160,0,33,33,35,37,0,0,0,0,72,0,0,0,63,164,0,5,6,0,160,0,33,33,28,36,0,0,0,0,64,0,0,0,22,91,0,0,2,2,102,0,5,2,15,47,0,0,0,0,0,57,0,5,0,22,91,0,0,0,2,2,102,0,5,2,18,11,18,0,0,19,28,0,0,0,0,0,42,0,5,0,10,23,34,76,58,45,159,0,0,1,2,2,177,0,18,6
VT,531,670,4,4,9,8,82,0,1076,34,24,58,0,0,2,0,2,0,74,4,434,531,8,2,7,18,78,1,824,47,27,85,1,1,1,1,7,0,101,4,460,525,8,3,4,9,54,4,884,41,38,75,0,1,2,0,8,0,99,5,1167,1410,8,6,31,25,179,4,2266,86,0,0,0,0,0,0,0,0,0,0,1209,1508,9,1,8,24,14,173,6,2410,108,10,35,0,0,0,1,0,4,0,38,2,556,689,448,400,188,1411,1718,6,0,23,82,34,260,6,2712,64,24,45,21,17,6,43,92,1,0,1,1,2,6,0,123,5
WA,5161,6459,44,19,362,207,2782,349,6987,996,3314,6887,71,349,555,197,1373,184,6701,1611,5221,6706,60,33,613,234,2950,309,6891,1023,3599,5484,186,288,1138,276,1486,326,5699,632,5302,6705,70,32,587,197,2891,371,7007,1056,4124,6389,105,196,1957,135,1062,282,6897,481,4957,6436,77,41,594,184,2595,372,6871,895,0,0,0,0,0,0,0,0,0,0,5265,7135,58,9,76,660,252,2693,469,7345,1124,3662,8572,281,1,152,1194,53,1526,456,7892,1547,2046,2559,2107,2115,956,6026,7881,38,56,82,665,248,3040,714,8341,1075,3011,3928,2693,1805,533,4098,9402,287,9,157,1400,95,1654,504,8705,1595
WI,2069,2447,7,2,226,36,1463,7,2485,308,109,272,1,0,10,1,107,0,243,21,1889,2344,7,3,230,42,1314,4,2344,309,58,234,2,1,4,0,79,0,201,11,1798,2381,12,0,190,45,1474,13,2223,246,89,234,1,0,11,1,98,2,203,9,1759,2217,15,5,188,25,1348,18,2158,259,57,182,0,2,6,2,26,0,194,13,2004,2447,15,0,8,187,40,1352,12,2600,283,94,204,3,0,0,32,5,39,1,212,12,780,843,546,565,232,1877,2483,25,0,18,197,44,1506,11,2409,236,103,130,80,82,32,122,331,4,1,0,14,7,86,1,330,20
WV,387,671,2,0,3,1,204,1,826,25,52,131,0,0,1,1,26,0,152,3,450,699,0,0,3,8,181,1,933,23,79,169,0,0,3,0,9,1,228,7,437,626,1,0,10,3,161,3,848,39,85,192,0,0,1,0,20,0,249,7,331,488,3,1,6,4,112,3,658,40,107,207,1,0,1,0,28,0,276,10,397,568,5,0,6,5,2,101,3,834,31,134,261,0,2,2,5,0,23,2,363,6,170,216,198,106,45,407,540,4,4,5,9,2,110,2,795,42,125,155,91,34,15,141,309,6,0,0,2,0,27,0,415,12
WY,185,254,1,0,29,0,35,8,334,34,69,130,0,0,22,0,7,0,166,4,136,287,0,0,14,0,22,3,362,22,36,89,0,0,15,0,9,0,94,7,237,252,0,0,27,0,30,2,411,19,31,92,0,0,12,0,8,1,99,3,239,165,0,1,13,0,8,10,360,14,0,0,0,0,0,0,0,0,0,0,235,347,1,0,1,75,0,24,2,452,31,21,43,0,0,0,14,0,2,0,47,1,64,100,113,65,38,139,333,0,1,1,21,14,40,2,372,25,9,16,13,10,5,19,39,0,0,0,1,0,7,0,47,3
Total,160024,197025,1108,206,7628,3588,168716,4177,156673,17581,56187,135900,1413,967,7786,3055,51093,3862,113895,14776,157211,197678,1236,297,7980,3743,169354,4025,151120,20200,62700,145509,2019,1065,9986,3485,56381,5286,119487,16668,156681,195798,1412,439,8106,3836,167205,4208,151640,19380,66897,156413,1749,1021,10829,3802,61591,4586,128972,16300,141497,182673,1417,539,7943,3829,147521,4629,144707,17497,14493,30162,127,88,2087,381,12454,265,28682,2413,152693,193366,1593,132,846,8843,3909,154557,4692,157637,18992,70277,159470,1995,477,1635,10775,4352,62809,5769,133758,16391,70135,66535,51625,52053,22412,172855,220270,1895,263,1211,10474,4448,176325,4514,178782,21951,48747,63852,55065,46340,17284,77154,174890,2192,496,1878,12642,7126,67299,6198,146072,17273
